{
  "metric_definition": {
    "causal_prior": "prediction before assimilating the current batch",
    "recovery_fraction": 0.5,
    "consecutive_instances": 2
  },
  "maintained_default": "balanced",
  "lowest_latency_configuration": "low_latency",
  "experiments": [
    {
      "name": "balanced",
      "sample_spacing_tau": 2.5,
      "batch_size_n": 2,
      "sensor_x": [
        0.05,
        0.5,
        0.95
      ],
      "sensor_y": [
        0.05,
        0.5,
        0.95
      ],
      "observation_window_batches": 2,
      "data_loss_weight": 10.0,
      "adaptive_iterations_per_batch": 100,
      "reveal_boundary_change_to_pinn": false,
      "time_instances": 41,
      "sensor_count": 9,
      "switch_tau": 50.0,
      "first_event_update_tau": 52.5,
      "first_update_delay_tau": 2.5,
      "changed_samples_before_first_update": 2,
      "post_switch_offline_rmse": 0.03525893783307166,
      "post_switch_causal_rmse": 0.021200995932635452,
      "post_switch_posterior_rmse": 0.02008736783554976,
      "total_adaptive_iterations": 2100,
      "pre_event_error": 0.008237949952711241,
      "post_event_peak_error": 0.08925858942408751,
      "recovery_target_error": 0.048748269688399376,
      "recovery_tau": 55.0,
      "recovery_delay_tau": 5.0,
      "recovery_delay_intervals": 2,
      "times": [
        0.0,
        2.5,
        5.0,
        7.5,
        10.0,
        12.5,
        15.0,
        17.5,
        20.0,
        22.5,
        25.0,
        27.5,
        30.0,
        32.5,
        35.0,
        37.5,
        40.0,
        42.5,
        45.0,
        47.5,
        50.0,
        52.5,
        55.0,
        57.5,
        60.0,
        62.5,
        65.0,
        67.5,
        70.0,
        72.5,
        75.0,
        77.5,
        80.0,
        82.5,
        85.0,
        87.5,
        90.0,
        92.5,
        95.0,
        97.5,
        100.0
      ],
      "causal_prior_time_rmse": [
        0.17887746760248957,
        0.09378068658125448,
        0.058266593493172245,
        0.038691743540254224,
        0.009218513799790835,
        0.005186640764289219,
        0.01132212425921219,
        0.018814373882606115,
        0.008073050015444288,
        0.0133442978700651,
        0.007747423832014312,
        0.011866910618544026,
        0.007383766772689678,
        0.010630529706071586,
        0.0076057126206749565,
        0.010245170273753944,
        0.0073276837384959725,
        0.009570107418854112,
        0.0071926721751497695,
        0.00914821616692651,
        0.08925858942408751,
        0.018483474627997473,
        0.0068750721085258076,
        0.007743586528796357,
        0.00605833409367413,
        0.007314271830648513,
        0.007451382237243212,
        0.008608990065457607,
        0.007447826512452283,
        0.008497111456284933,
        0.007661583064103561,
        0.008594904411709785,
        0.007248994192916884,
        0.008114289095831978,
        0.0076234068675832085,
        0.008418197168147169,
        0.007201493444909015,
        0.007913585536145141,
        0.007588414054850814,
        0.008249594979222239,
        0.007455280647656497
      ],
      "causal_posterior_time_rmse": [
        0.1811069111709851,
        0.07700599911774249,
        0.04467846747374146,
        0.02427298252558838,
        0.009853342906620786,
        0.0034284685095947983,
        0.006899415153153168,
        0.0032481112034425234,
        0.003910541909216946,
        0.0036272685291340524,
        0.0026287636373266733,
        0.004080771154945899,
        0.0030006281641208644,
        0.004944012960105148,
        0.0031328415477116134,
        0.005055842056722326,
        0.003180191597951493,
        0.005163069075707379,
        0.004176682791545718,
        0.005890798447448621,
        0.08709123026338678,
        0.014023100745513706,
        0.004079591600598356,
        0.004822616677714319,
        0.005012862699062969,
        0.006249900343321454,
        0.005251764005938648,
        0.006364074004297702,
        0.005708219205186813,
        0.0066983284903483304,
        0.0054216151272063005,
        0.006351804097250458,
        0.0059503042880492685,
        0.00680107251836609,
        0.005708523606613909,
        0.006466593475192109,
        0.006202685712804102,
        0.006906345209600158,
        0.006151775495354714,
        0.006813071276251584,
        0.006793942213903822
      ]
    },
    {
      "name": "low_latency",
      "sample_spacing_tau": 1.25,
      "batch_size_n": 1,
      "sensor_x": [
        0.05,
        0.275,
        0.5,
        0.725,
        0.95
      ],
      "sensor_y": [
        0.05,
        0.275,
        0.5,
        0.725,
        0.95
      ],
      "observation_window_batches": 4,
      "data_loss_weight": 20.0,
      "adaptive_iterations_per_batch": 100,
      "reveal_boundary_change_to_pinn": false,
      "time_instances": 81,
      "sensor_count": 25,
      "switch_tau": 50.0,
      "first_event_update_tau": 50.0,
      "first_update_delay_tau": 0.0,
      "changed_samples_before_first_update": 1,
      "post_switch_offline_rmse": 0.033234114246189245,
      "post_switch_causal_rmse": 0.015679328270755237,
      "post_switch_posterior_rmse": 0.015049211943171983,
      "total_adaptive_iterations": 8100,
      "pre_event_error": 0.004326629948767996,
      "post_event_peak_error": 0.08774756500653223,
      "recovery_target_error": 0.04603709747765011,
      "recovery_tau": 51.25,
      "recovery_delay_tau": 1.25,
      "recovery_delay_intervals": 1,
      "times": [
        0.0,
        1.25,
        2.5,
        3.75,
        5.0,
        6.25,
        7.5,
        8.75,
        10.0,
        11.25,
        12.5,
        13.75,
        15.0,
        16.25,
        17.5,
        18.75,
        20.0,
        21.25,
        22.5,
        23.75,
        25.0,
        26.25,
        27.5,
        28.75,
        30.0,
        31.25,
        32.5,
        33.75,
        35.0,
        36.25,
        37.5,
        38.75,
        40.0,
        41.25,
        42.5,
        43.75,
        45.0,
        46.25,
        47.5,
        48.75,
        50.0,
        51.25,
        52.5,
        53.75,
        55.0,
        56.25,
        57.5,
        58.75,
        60.0,
        61.25,
        62.5,
        63.75,
        65.0,
        66.25,
        67.5,
        68.75,
        70.0,
        71.25,
        72.5,
        73.75,
        75.0,
        76.25,
        77.5,
        78.75,
        80.0,
        81.25,
        82.5,
        83.75,
        85.0,
        86.25,
        87.5,
        88.75,
        90.0,
        91.25,
        92.5,
        93.75,
        95.0,
        96.25,
        97.5,
        98.75,
        100.0
      ],